saree_id,saree_name,image_url
69730a46b3e2c19e3c57b6ce,Saree000,https://srinivas-ias-academy.s3.amazonaws.com/sarees/WhatsApp_Image_2026-01-23_at_11.09.20_AM.jpeg
69730a46b3e2c19e3c57b6ce,Saree000,https://srinivas-ias-academy.s3.amazonaws.com/sarees/WhatsApp_Image_2026-01-23_at_11.09.21_AM.jpeg
69730a46b3e2c19e3c57b6ce,Saree000,https://srinivas-ias-academy.s3.amazonaws.com/sarees/WhatsApp_Image_2026-01-23_at_11.09.22_AM.jpeg
69730a46b3e2c19e3c57b6ce,Saree000,https://srinivas-ias-academy.s3.amazonaws.com/sarees/WhatsApp_Image_2026-01-23_at_11.09.23_AM_(1).jpeg
69730a46b3e2c19e3c57b6ce,Saree000,https://srinivas-ias-academy.s3.amazonaws.com/sarees/WhatsApp_Image_2026-01-23_at_11.09.23_AM.jpeg
69730a46b3e2c19e3c57b6ce,Saree000,https://srinivas-ias-academy.s3.amazonaws.com/sarees/WhatsApp_Image_2026-01-23_at_11.09.24_AM_(1).jpeg
69730a46b3e2c19e3c57b6ce,Saree000,https://srinivas-ias-academy.s3.amazonaws.com/sarees/WhatsApp_Image_2026-01-23_at_11.09.24_AM.jpeg
69747e23498b47ef438623d6,Saree001,https://srinivas-ias-academy.s3.amazonaws.com/sarees/crop_1769242106321.jpg
69747e23498b47ef438623d6,Saree001,https://srinivas-ias-academy.s3.amazonaws.com/sarees/crop_1769242137668.jpg
69747e23498b47ef438623d6,Saree001,https://srinivas-ias-academy.s3.amazonaws.com/sarees/crop_1769242603337.jpg
69748b91498b47ef438623da,Saree002,https://srinivas-ias-academy.s3.amazonaws.com/sarees/crop_1769245478893.jpg
69748b91498b47ef438623da,Saree002,https://srinivas-ias-academy.s3.amazonaws.com/sarees/crop_1769245496067.jpg
69748b91498b47ef438623da,Saree002,https://srinivas-ias-academy.s3.amazonaws.com/sarees/crop_1769245514373.jpg
69748b91498b47ef438623da,Saree002,https://srinivas-ias-academy.s3.amazonaws.com/sarees/crop_1769245541352.jpg
69748b91498b47ef438623da,Saree002,https://srinivas-ias-academy.s3.amazonaws.com/sarees/crop_1769245616560.jpg
69748b91498b47ef438623da,Saree002,https://srinivas-ias-academy.s3.amazonaws.com/sarees/crop_1769245644342.jpg
69748c9e498b47ef438623db,Saree003,https://srinivas-ias-academy.s3.amazonaws.com/sarees/crop_1769245708697.jpg
69748c9e498b47ef438623db,Saree003,https://srinivas-ias-academy.s3.amazonaws.com/sarees/crop_1769245787693.jpg
69748c9e498b47ef438623db,Saree003,https://srinivas-ias-academy.s3.amazonaws.com/sarees/crop_1769245800838.jpg
69748c9e498b47ef438623db,Saree003,https://srinivas-ias-academy.s3.amazonaws.com/sarees/crop_1769245821018.jpg
69748c9e498b47ef438623db,Saree003,https://srinivas-ias-academy.s3.amazonaws.com/sarees/crop_1769245837818.jpg
69748db3498b47ef438623dc,Saree004,https://srinivas-ias-academy.s3.amazonaws.com/sarees/crop_1769245961833.jpg
69748db3498b47ef438623dc,Saree004,https://srinivas-ias-academy.s3.amazonaws.com/sarees/crop_1769245985676.jpg
69748db3498b47ef438623dc,Saree004,https://srinivas-ias-academy.s3.amazonaws.com/sarees/crop_1769246029402.jpg
69748db3498b47ef438623dc,Saree004,https://srinivas-ias-academy.s3.amazonaws.com/sarees/crop_1769246056297.jpg
69748db3498b47ef438623dc,Saree004,https://srinivas-ias-academy.s3.amazonaws.com/sarees/crop_1769246116217.jpg
69748f12498b47ef438623dd,Saree005,https://srinivas-ias-academy.s3.amazonaws.com/sarees/crop_1769246358835.jpg
69748f12498b47ef438623dd,Saree005,https://srinivas-ias-academy.s3.amazonaws.com/sarees/crop_1769246385724.jpg
69748f12498b47ef438623dd,Saree005,https://srinivas-ias-academy.s3.amazonaws.com/sarees/crop_1769246409179.jpg
69748f12498b47ef438623dd,Saree005,https://srinivas-ias-academy.s3.amazonaws.com/sarees/crop_1769246446051.jpg
69748f12498b47ef438623dd,Saree005,https://srinivas-ias-academy.s3.amazonaws.com/sarees/crop_1769246479426.jpg
69748f7e498b47ef438623de,Saree006,https://srinivas-ias-academy.s3.amazonaws.com/sarees/crop_1769246507129.jpg
69748f7e498b47ef438623de,Saree006,https://srinivas-ias-academy.s3.amazonaws.com/sarees/crop_1769246531036.jpg
69748f7e498b47ef438623de,Saree006,https://srinivas-ias-academy.s3.amazonaws.com/sarees/crop_1769246551705.jpg
69748f7e498b47ef438623de,Saree006,https://srinivas-ias-academy.s3.amazonaws.com/sarees/crop_1769246572543.jpg
697490d6498b47ef438623df,Saree007,https://srinivas-ias-academy.s3.amazonaws.com/sarees/crop_1769246868621.jpg
697490d6498b47ef438623df,Saree007,https://srinivas-ias-academy.s3.amazonaws.com/sarees/crop_1769246897321.jpg
697490d6498b47ef438623df,Saree007,https://srinivas-ias-academy.s3.amazonaws.com/sarees/crop_1769246915993.jpg
69749150498b47ef438623e0,Saree008,https://srinivas-ias-academy.s3.amazonaws.com/sarees/crop_1769246985577.jpg
69749150498b47ef438623e0,Saree008,https://srinivas-ias-academy.s3.amazonaws.com/sarees/crop_1769247000877.jpg
69749150498b47ef438623e0,Saree008,https://srinivas-ias-academy.s3.amazonaws.com/sarees/crop_1769247019577.jpg
69749150498b47ef438623e0,Saree008,https://srinivas-ias-academy.s3.amazonaws.com/sarees/crop_1769247033681.jpg
69749150498b47ef438623e0,Saree008,https://srinivas-ias-academy.s3.amazonaws.com/sarees/crop_1769247050113.jpg
69749150498b47ef438623e0,Saree008,https://srinivas-ias-academy.s3.amazonaws.com/sarees/crop_1769247337709.jpg
69749317498b47ef438623e4,Saree009,https://srinivas-ias-academy.s3.amazonaws.com/sarees/crop_1769247374912.jpg
69749317498b47ef438623e4,Saree009,https://srinivas-ias-academy.s3.amazonaws.com/sarees/crop_1769247397083.jpg
69749317498b47ef438623e4,Saree009,https://srinivas-ias-academy.s3.amazonaws.com/sarees/crop_1769247420769.jpg
69749317498b47ef438623e4,Saree009,https://srinivas-ias-academy.s3.amazonaws.com/sarees/crop_1769247433695.jpg
69749317498b47ef438623e4,Saree009,https://srinivas-ias-academy.s3.amazonaws.com/sarees/crop_1769247446796.jpg
69749317498b47ef438623e4,Saree009,https://srinivas-ias-academy.s3.amazonaws.com/sarees/crop_1769247492360.jpg
697493cb498b47ef438623e5,Saree010,https://srinivas-ias-academy.s3.amazonaws.com/sarees/crop_1769247579694.jpg
697493cb498b47ef438623e5,Saree010,https://srinivas-ias-academy.s3.amazonaws.com/sarees/crop_1769247618711.jpg
697493cb498b47ef438623e5,Saree010,https://srinivas-ias-academy.s3.amazonaws.com/sarees/crop_1769247655220.jpg
697493cb498b47ef438623e5,Saree010,https://srinivas-ias-academy.s3.amazonaws.com/sarees/crop_1769247685520.jpg
6974946a498b47ef438623e6,Saree011,https://srinivas-ias-academy.s3.amazonaws.com/sarees/crop_1769247720090.jpg
6974946a498b47ef438623e6,Saree011,https://srinivas-ias-academy.s3.amazonaws.com/sarees/crop_1769247739630.jpg
6974946a498b47ef438623e6,Saree011,https://srinivas-ias-academy.s3.amazonaws.com/sarees/crop_1769247751726.jpg
6974946a498b47ef438623e6,Saree011,https://srinivas-ias-academy.s3.amazonaws.com/sarees/crop_1769247768024.jpg
6974946a498b47ef438623e6,Saree011,https://srinivas-ias-academy.s3.amazonaws.com/sarees/crop_1769247786991.jpg
6974946a498b47ef438623e6,Saree011,https://srinivas-ias-academy.s3.amazonaws.com/sarees/crop_1769247802258.jpg
69749518498b47ef438623e8,Saree012,https://srinivas-ias-academy.s3.amazonaws.com/sarees/crop_1769247927322.jpg
69749518498b47ef438623e8,Saree012,https://srinivas-ias-academy.s3.amazonaws.com/sarees/crop_1769247947514.jpg
69749518498b47ef438623e8,Saree012,https://srinivas-ias-academy.s3.amazonaws.com/sarees/crop_1769247963197.jpg
69749518498b47ef438623e8,Saree012,https://srinivas-ias-academy.s3.amazonaws.com/sarees/crop_1769247990075.jpg
69749518498b47ef438623e8,Saree012,https://srinivas-ias-academy.s3.amazonaws.com/sarees/crop_1769248019713.jpg
697495c1498b47ef438623e9,Saree013,https://srinivas-ias-academy.s3.amazonaws.com/sarees/crop_1769248048094.jpg
697495c1498b47ef438623e9,Saree013,https://srinivas-ias-academy.s3.amazonaws.com/sarees/crop_1769248072624.jpg
697495c1498b47ef438623e9,Saree013,https://srinivas-ias-academy.s3.amazonaws.com/sarees/crop_1769248093681.jpg
697495c1498b47ef438623e9,Saree013,https://srinivas-ias-academy.s3.amazonaws.com/sarees/crop_1769248112264.jpg
697495c1498b47ef438623e9,Saree013,https://srinivas-ias-academy.s3.amazonaws.com/sarees/crop_1769248143178.jpg
697497e5e9001af64ec7a5ce,Saree014,https://srinivas-ias-academy.s3.amazonaws.com/sarees/crop_1769248453286.jpg
697497e5e9001af64ec7a5ce,Saree014,https://srinivas-ias-academy.s3.amazonaws.com/sarees/crop_1769248477480.jpg
697497e5e9001af64ec7a5ce,Saree014,https://srinivas-ias-academy.s3.amazonaws.com/sarees/crop_1769248712872.jpg
697497e5e9001af64ec7a5ce,Saree014,https://srinivas-ias-academy.s3.amazonaws.com/sarees/crop_1769248734526.jpg
6974aa1ae9001af64ec7a5cf,Saree015,https://srinivas-ias-academy.s3.amazonaws.com/sarees/crop_1769253490979.jpg
6974aa1ae9001af64ec7a5cf,Saree015,https://srinivas-ias-academy.s3.amazonaws.com/sarees/crop_1769253513721.jpg
6974aa1ae9001af64ec7a5cf,Saree015,https://srinivas-ias-academy.s3.amazonaws.com/sarees/crop_1769253551313.jpg
6974aa1ae9001af64ec7a5cf,Saree015,https://srinivas-ias-academy.s3.amazonaws.com/sarees/crop_1769253571512.jpg
6974ab45e9001af64ec7a5d0,Saree016,https://srinivas-ias-academy.s3.amazonaws.com/sarees/crop_1769253611389.jpg
6974ab45e9001af64ec7a5d0,Saree016,https://srinivas-ias-academy.s3.amazonaws.com/sarees/crop_1769253632481.jpg
6974ab45e9001af64ec7a5d0,Saree016,https://srinivas-ias-academy.s3.amazonaws.com/sarees/crop_1769253653169.jpg
6974ab45e9001af64ec7a5d0,Saree016,https://srinivas-ias-academy.s3.amazonaws.com/sarees/crop_1769253672702.jpg
6974ab45e9001af64ec7a5d0,Saree016,https://srinivas-ias-academy.s3.amazonaws.com/sarees/crop_1769253697864.jpg
6974b013e9001af64ec7a5d1,Saree017,https://srinivas-ias-academy.s3.amazonaws.com/sarees/crop_1769254874641.jpg
6974b013e9001af64ec7a5d1,Saree017,https://srinivas-ias-academy.s3.amazonaws.com/sarees/crop_1769254892758.jpg
6974b013e9001af64ec7a5d1,Saree017,https://srinivas-ias-academy.s3.amazonaws.com/sarees/crop_1769254912055.jpg
6974b013e9001af64ec7a5d1,Saree017,https://srinivas-ias-academy.s3.amazonaws.com/sarees/crop_1769254927302.jpg
6974b078e9001af64ec7a5d2,Saree018,https://srinivas-ias-academy.s3.amazonaws.com/sarees/crop_1769254958596.jpg
6974b078e9001af64ec7a5d2,Saree018,https://srinivas-ias-academy.s3.amazonaws.com/sarees/crop_1769254969059.jpg
6974b078e9001af64ec7a5d2,Saree018,https://srinivas-ias-academy.s3.amazonaws.com/sarees/crop_1769254985306.jpg
6974b078e9001af64ec7a5d2,Saree018,https://srinivas-ias-academy.s3.amazonaws.com/sarees/crop_1769255018685.jpg
6974b246e9001af64ec7a5d3,Saree019,https://srinivas-ias-academy.s3.amazonaws.com/sarees/crop_1769255421223.jpg
6974b246e9001af64ec7a5d3,Saree019,https://srinivas-ias-academy.s3.amazonaws.com/sarees/crop_1769255442250.jpg
6974b246e9001af64ec7a5d3,Saree019,https://srinivas-ias-academy.s3.amazonaws.com/sarees/crop_1769255464160.jpg
6974b246e9001af64ec7a5d3,Saree019,https://srinivas-ias-academy.s3.amazonaws.com/sarees/crop_1769255479883.jpg
6974b246e9001af64ec7a5d3,Saree019,https://srinivas-ias-academy.s3.amazonaws.com/sarees/crop_1769255490608.jpg
6974b2c9e9001af64ec7a5d4,Saree020,https://srinivas-ias-academy.s3.amazonaws.com/sarees/crop_1769255530419.jpg
6974b2c9e9001af64ec7a5d4,Saree020,https://srinivas-ias-academy.s3.amazonaws.com/sarees/crop_1769255555161.jpg
6974b2c9e9001af64ec7a5d4,Saree020,https://srinivas-ias-academy.s3.amazonaws.com/sarees/crop_1769255575058.jpg
6974b2c9e9001af64ec7a5d4,Saree020,https://srinivas-ias-academy.s3.amazonaws.com/sarees/crop_1769255596693.jpg
6974b2c9e9001af64ec7a5d4,Saree020,https://srinivas-ias-academy.s3.amazonaws.com/sarees/crop_1769255607393.jpg
6974b2c9e9001af64ec7a5d4,Saree020,https://srinivas-ias-academy.s3.amazonaws.com/sarees/crop_1769255619494.jpg
6974b5d6e9001af64ec7a5d5,Saree021,https://srinivas-ias-academy.s3.amazonaws.com/sarees/crop_1769256343720.jpg
6974b5d6e9001af64ec7a5d5,Saree021,https://srinivas-ias-academy.s3.amazonaws.com/sarees/crop_1769256357948.jpg
6974b5d6e9001af64ec7a5d5,Saree021,https://srinivas-ias-academy.s3.amazonaws.com/sarees/crop_1769256373556.jpg
6974b5d6e9001af64ec7a5d5,Saree021,https://srinivas-ias-academy.s3.amazonaws.com/sarees/crop_1769256387143.jpg
6974b5d6e9001af64ec7a5d5,Saree021,https://srinivas-ias-academy.s3.amazonaws.com/sarees/crop_1769256402651.jpg
6974b65ce9001af64ec7a5d6,Saree022,https://srinivas-ias-academy.s3.amazonaws.com/sarees/crop_1769256463050.jpg
6974b65ce9001af64ec7a5d6,Saree022,https://srinivas-ias-academy.s3.amazonaws.com/sarees/crop_1769256481113.jpg
6974b65ce9001af64ec7a5d6,Saree022,https://srinivas-ias-academy.s3.amazonaws.com/sarees/crop_1769256508217.jpg
6974b65ce9001af64ec7a5d6,Saree022,https://srinivas-ias-academy.s3.amazonaws.com/sarees/crop_1769256516221.jpg
6974b6cbe9001af64ec7a5d7,Saree023,https://srinivas-ias-academy.s3.amazonaws.com/sarees/crop_1769256576367.jpg
6974b6cbe9001af64ec7a5d7,Saree023,https://srinivas-ias-academy.s3.amazonaws.com/sarees/crop_1769256594936.jpg
6974b6cbe9001af64ec7a5d7,Saree023,https://srinivas-ias-academy.s3.amazonaws.com/sarees/crop_1769256608008.jpg
6974b6cbe9001af64ec7a5d7,Saree023,https://srinivas-ias-academy.s3.amazonaws.com/sarees/crop_1769256629764.jpg
6974b6cbe9001af64ec7a5d7,Saree023,https://srinivas-ias-academy.s3.amazonaws.com/sarees/crop_1769256647865.jpg
6974b737e9001af64ec7a5d8,Saree024,https://srinivas-ias-academy.s3.amazonaws.com/sarees/crop_1769256683303.jpg
6974b737e9001af64ec7a5d8,Saree024,https://srinivas-ias-academy.s3.amazonaws.com/sarees/crop_1769256700787.jpg
6974b737e9001af64ec7a5d8,Saree024,https://srinivas-ias-academy.s3.amazonaws.com/sarees/crop_1769256731785.jpg
6974b737e9001af64ec7a5d8,Saree024,https://srinivas-ias-academy.s3.amazonaws.com/sarees/crop_1769256756013.jpg
6974b763e9001af64ec7a5d9,Saree025,https://srinivas-ias-academy.s3.amazonaws.com/sarees/crop_1769256781207.jpg
6974b763e9001af64ec7a5d9,Saree025,https://srinivas-ias-academy.s3.amazonaws.com/sarees/crop_1769256799021.jpg
6974b763e9001af64ec7a5d9,Saree025,https://srinivas-ias-academy.s3.amazonaws.com/sarees/crop_1769256839193.jpg
6974b763e9001af64ec7a5d9,Saree025,https://srinivas-ias-academy.s3.amazonaws.com/sarees/crop_1769256850298.jpg
6974b763e9001af64ec7a5d9,Saree025,https://srinivas-ias-academy.s3.amazonaws.com/sarees/crop_1769256864432.jpg
6974b817e9001af64ec7a5da,Saree026,https://srinivas-ias-academy.s3.amazonaws.com/sarees/crop_1769256904711.jpg
6974b817e9001af64ec7a5da,Saree026,https://srinivas-ias-academy.s3.amazonaws.com/sarees/crop_1769256929672.jpg
6974b817e9001af64ec7a5da,Saree026,https://srinivas-ias-academy.s3.amazonaws.com/sarees/crop_1769256947131.jpg
6974b817e9001af64ec7a5da,Saree026,https://srinivas-ias-academy.s3.amazonaws.com/sarees/crop_1769256960195.jpg
6974b817e9001af64ec7a5da,Saree026,https://srinivas-ias-academy.s3.amazonaws.com/sarees/crop_1769256974728.jpg
6974b8f7e9001af64ec7a5db,Saree027,https://srinivas-ias-academy.s3.amazonaws.com/sarees/crop_1769257088756.jpg
6974b8f7e9001af64ec7a5db,Saree027,https://srinivas-ias-academy.s3.amazonaws.com/sarees/crop_1769257143446.jpg
6974b8f7e9001af64ec7a5db,Saree027,https://srinivas-ias-academy.s3.amazonaws.com/sarees/crop_1769257170442.jpg
6974b8f7e9001af64ec7a5db,Saree027,https://srinivas-ias-academy.s3.amazonaws.com/sarees/crop_1769257200032.jpg
6974b94ce9001af64ec7a5dc,Saree028,https://srinivas-ias-academy.s3.amazonaws.com/sarees/crop_1769257241514.jpg
6974b94ce9001af64ec7a5dc,Saree028,https://srinivas-ias-academy.s3.amazonaws.com/sarees/crop_1769257280583.jpg
6974b9d6e9001af64ec7a5dd,Saree029,https://srinivas-ias-academy.s3.amazonaws.com/sarees/crop_1769257350999.jpg
6974b9d6e9001af64ec7a5dd,Saree029,https://srinivas-ias-academy.s3.amazonaws.com/sarees/crop_1769257382398.jpg
6974b9d6e9001af64ec7a5dd,Saree029,https://srinivas-ias-academy.s3.amazonaws.com/sarees/crop_1769257407208.jpg
6974b9d6e9001af64ec7a5dd,Saree029,https://srinivas-ias-academy.s3.amazonaws.com/sarees/crop_1769257426480.jpg
6974ba5ee9001af64ec7a5de,Saree030,https://srinivas-ias-academy.s3.amazonaws.com/sarees/crop_1769257500870.jpg
6974ba5ee9001af64ec7a5de,Saree030,https://srinivas-ias-academy.s3.amazonaws.com/sarees/crop_1769257522179.jpg
6974ba5ee9001af64ec7a5de,Saree030,https://srinivas-ias-academy.s3.amazonaws.com/sarees/crop_1769257540083.jpg
6974bb71e9001af64ec7a5df,Saree031,https://srinivas-ias-academy.s3.amazonaws.com/sarees/crop_1769257668867.jpg
6974bb71e9001af64ec7a5df,Saree031,https://srinivas-ias-academy.s3.amazonaws.com/sarees/crop_1769257697241.jpg
6974bb71e9001af64ec7a5df,Saree031,https://srinivas-ias-academy.s3.amazonaws.com/sarees/crop_1769257714743.jpg
6974bb71e9001af64ec7a5df,Saree031,https://srinivas-ias-academy.s3.amazonaws.com/sarees/crop_1769257742209.jpg
6974bb71e9001af64ec7a5df,Saree031,https://srinivas-ias-academy.s3.amazonaws.com/sarees/crop_1769257756457.jpg
6974bb71e9001af64ec7a5df,Saree031,https://srinivas-ias-academy.s3.amazonaws.com/sarees/crop_1769257774668.jpg
6974bee1e9001af64ec7a5e0,Saree032,https://srinivas-ias-academy.s3.amazonaws.com/sarees/crop_1769258605722.jpg
6974bee1e9001af64ec7a5e0,Saree032,https://srinivas-ias-academy.s3.amazonaws.com/sarees/crop_1769258626384.jpg
6974bee1e9001af64ec7a5e0,Saree032,https://srinivas-ias-academy.s3.amazonaws.com/sarees/crop_1769258633278.jpg
6974bee1e9001af64ec7a5e0,Saree032,https://srinivas-ias-academy.s3.amazonaws.com/sarees/crop_1769258647200.jpg
6974bee1e9001af64ec7a5e0,Saree032,https://srinivas-ias-academy.s3.amazonaws.com/sarees/crop_1769258662147.jpg
6974bee1e9001af64ec7a5e0,Saree032,https://srinivas-ias-academy.s3.amazonaws.com/sarees/crop_1769258688058.jpg
6974bee1e9001af64ec7a5e0,Saree032,https://srinivas-ias-academy.s3.amazonaws.com/sarees/crop_1769258700674.jpg
6974bee1e9001af64ec7a5e0,Saree032,https://srinivas-ias-academy.s3.amazonaws.com/sarees/crop_1769258717276.jpg
6974bf99e9001af64ec7a5e1,Saree033,https://srinivas-ias-academy.s3.amazonaws.com/sarees/crop_1769258776716.jpg
6974bf99e9001af64ec7a5e1,Saree033,https://srinivas-ias-academy.s3.amazonaws.com/sarees/crop_1769258806785.jpg
6974bf99e9001af64ec7a5e1,Saree033,https://srinivas-ias-academy.s3.amazonaws.com/sarees/crop_1769258827699.jpg
6974bf99e9001af64ec7a5e1,Saree033,https://srinivas-ias-academy.s3.amazonaws.com/sarees/crop_1769258850120.jpg
6974bf99e9001af64ec7a5e1,Saree033,https://srinivas-ias-academy.s3.amazonaws.com/sarees/crop_1769258874119.jpg
6974bf99e9001af64ec7a5e1,Saree033,https://srinivas-ias-academy.s3.amazonaws.com/sarees/crop_1769258888647.jpg
6974bf99e9001af64ec7a5e1,Saree033,https://srinivas-ias-academy.s3.amazonaws.com/sarees/crop_1769258901027.jpg
6974c022e9001af64ec7a5e2,Saree034,https://srinivas-ias-academy.s3.amazonaws.com/sarees/crop_1769258926031.jpg
6974c022e9001af64ec7a5e2,Saree034,https://srinivas-ias-academy.s3.amazonaws.com/sarees/crop_1769258941949.jpg
6974c022e9001af64ec7a5e2,Saree034,https://srinivas-ias-academy.s3.amazonaws.com/sarees/crop_1769258961144.jpg
6974c022e9001af64ec7a5e2,Saree034,https://srinivas-ias-academy.s3.amazonaws.com/sarees/crop_1769258977430.jpg
6974c022e9001af64ec7a5e2,Saree034,https://srinivas-ias-academy.s3.amazonaws.com/sarees/crop_1769258994081.jpg
6974c022e9001af64ec7a5e2,Saree034,https://srinivas-ias-academy.s3.amazonaws.com/sarees/crop_1769259008537.jpg
6974c022e9001af64ec7a5e2,Saree034,https://srinivas-ias-academy.s3.amazonaws.com/sarees/crop_1769259021768.jpg
6974c022e9001af64ec7a5e2,Saree034,https://srinivas-ias-academy.s3.amazonaws.com/sarees/crop_1769259035465.jpg
6974c0a2e9001af64ec7a5e3,Saree035,https://srinivas-ias-academy.s3.amazonaws.com/sarees/crop_1769259078478.jpg
6974c0a2e9001af64ec7a5e3,Saree035,https://srinivas-ias-academy.s3.amazonaws.com/sarees/crop_1769259097100.jpg
6974c0a2e9001af64ec7a5e3,Saree035,https://srinivas-ias-academy.s3.amazonaws.com/sarees/crop_1769259117784.jpg
6974c0a2e9001af64ec7a5e3,Saree035,https://srinivas-ias-academy.s3.amazonaws.com/sarees/crop_1769259134115.jpg
6974c0a2e9001af64ec7a5e3,Saree035,https://srinivas-ias-academy.s3.amazonaws.com/sarees/crop_1769259148763.jpg
6974c0a2e9001af64ec7a5e3,Saree035,https://srinivas-ias-academy.s3.amazonaws.com/sarees/crop_1769259164788.jpg
6974c12be9001af64ec7a5e4,Saree036,https://srinivas-ias-academy.s3.amazonaws.com/sarees/crop_1769259219513.jpg
6974c12be9001af64ec7a5e4,Saree036,https://srinivas-ias-academy.s3.amazonaws.com/sarees/crop_1769259235976.jpg
6974c12be9001af64ec7a5e4,Saree036,https://srinivas-ias-academy.s3.amazonaws.com/sarees/crop_1769259252444.jpg
6974c12be9001af64ec7a5e4,Saree036,https://srinivas-ias-academy.s3.amazonaws.com/sarees/crop_1769259271282.jpg
6974c12be9001af64ec7a5e4,Saree036,https://srinivas-ias-academy.s3.amazonaws.com/sarees/crop_1769259300023.jpg
6974c252e9001af64ec7a5e5,Saree037,https://srinivas-ias-academy.s3.amazonaws.com/sarees/crop_1769259522472.jpg
6974c252e9001af64ec7a5e5,Saree037,https://srinivas-ias-academy.s3.amazonaws.com/sarees/crop_1769259546085.jpg
6974c252e9001af64ec7a5e5,Saree037,https://srinivas-ias-academy.s3.amazonaws.com/sarees/crop_1769259563175.jpg
6974c252e9001af64ec7a5e5,Saree037,https://srinivas-ias-academy.s3.amazonaws.com/sarees/crop_1769259580261.jpg
6974c252e9001af64ec7a5e5,Saree037,https://srinivas-ias-academy.s3.amazonaws.com/sarees/crop_1769259597971.jpg
6974c2afe9001af64ec7a5e6,Saree038,https://srinivas-ias-academy.s3.amazonaws.com/sarees/crop_1769259619344.jpg
6974c2afe9001af64ec7a5e6,Saree038,https://srinivas-ias-academy.s3.amazonaws.com/sarees/crop_1769259632277.jpg
6974c2afe9001af64ec7a5e6,Saree038,https://srinivas-ias-academy.s3.amazonaws.com/sarees/crop_1769259651994.jpg
6974c2afe9001af64ec7a5e6,Saree038,https://srinivas-ias-academy.s3.amazonaws.com/sarees/crop_1769259660913.jpg
6974c2afe9001af64ec7a5e6,Saree038,https://srinivas-ias-academy.s3.amazonaws.com/sarees/crop_1769259674231.jpg
6974c2afe9001af64ec7a5e6,Saree038,https://srinivas-ias-academy.s3.amazonaws.com/sarees/crop_1769259689526.jpg
6974c2fee9001af64ec7a5e7,Saree039,https://srinivas-ias-academy.s3.amazonaws.com/sarees/crop_1769259735802.jpg
6974c2fee9001af64ec7a5e7,Saree039,https://srinivas-ias-academy.s3.amazonaws.com/sarees/crop_1769259751813.jpg
6974c2fee9001af64ec7a5e7,Saree039,https://srinivas-ias-academy.s3.amazonaws.com/sarees/crop_1769259771982.jpg
6974c2fee9001af64ec7a5e7,Saree039,https://srinivas-ias-academy.s3.amazonaws.com/sarees/crop_1769259795883.jpg
6974c2fee9001af64ec7a5e7,Saree039,https://srinivas-ias-academy.s3.amazonaws.com/sarees/crop_1769259808841.jpg
6974c384e9001af64ec7a5e8,Saree040,https://srinivas-ias-academy.s3.amazonaws.com/sarees/crop_1769259846333.jpg
6974c384e9001af64ec7a5e8,Saree040,https://srinivas-ias-academy.s3.amazonaws.com/sarees/crop_1769259857276.jpg
6974c384e9001af64ec7a5e8,Saree040,https://srinivas-ias-academy.s3.amazonaws.com/sarees/crop_1769259872662.jpg
6974c384e9001af64ec7a5e8,Saree040,https://srinivas-ias-academy.s3.amazonaws.com/sarees/crop_1769259885127.jpg
6974c384e9001af64ec7a5e8,Saree040,https://srinivas-ias-academy.s3.amazonaws.com/sarees/crop_1769259893224.jpg
6974c3d1e9001af64ec7a5e9,Saree041,https://srinivas-ias-academy.s3.amazonaws.com/sarees/crop_1769259930748.jpg
6974c3d1e9001af64ec7a5e9,Saree041,https://srinivas-ias-academy.s3.amazonaws.com/sarees/crop_1769259943951.jpg
6974c3d1e9001af64ec7a5e9,Saree041,https://srinivas-ias-academy.s3.amazonaws.com/sarees/crop_1769259957709.jpg
6974c3d1e9001af64ec7a5e9,Saree041,https://srinivas-ias-academy.s3.amazonaws.com/sarees/crop_1769259975088.jpg
6974c432e9001af64ec7a5ea,Saree042,https://srinivas-ias-academy.s3.amazonaws.com/sarees/crop_1769260005982.jpg
6974c432e9001af64ec7a5ea,Saree042,https://srinivas-ias-academy.s3.amazonaws.com/sarees/crop_1769260023366.jpg
6974c432e9001af64ec7a5ea,Saree042,https://srinivas-ias-academy.s3.amazonaws.com/sarees/crop_1769260036585.jpg
6974c432e9001af64ec7a5ea,Saree042,https://srinivas-ias-academy.s3.amazonaws.com/sarees/crop_1769260052598.jpg
6974c432e9001af64ec7a5ea,Saree042,https://srinivas-ias-academy.s3.amazonaws.com/sarees/crop_1769260066490.jpg
6974c432e9001af64ec7a5ea,Saree042,https://srinivas-ias-academy.s3.amazonaws.com/sarees/crop_1769260077980.jpg
6976008ee9001af64ec7a5f0,Saree043,https://srinivas-ias-academy.s3.amazonaws.com/sarees/crop_1769340988034.jpg
6976008ee9001af64ec7a5f0,Saree043,https://srinivas-ias-academy.s3.amazonaws.com/sarees/crop_1769341011802.jpg
6976008ee9001af64ec7a5f0,Saree043,https://srinivas-ias-academy.s3.amazonaws.com/sarees/crop_1769341019726.jpg
6976008ee9001af64ec7a5f0,Saree043,https://srinivas-ias-academy.s3.amazonaws.com/sarees/crop_1769341039226.jpg
6976008ee9001af64ec7a5f0,Saree043,https://srinivas-ias-academy.s3.amazonaws.com/sarees/crop_1769341051398.jpg
6976008ee9001af64ec7a5f0,Saree043,https://srinivas-ias-academy.s3.amazonaws.com/sarees/crop_1769341065715.jpg
69760104e9001af64ec7a5f1,Saree044,https://srinivas-ias-academy.s3.amazonaws.com/sarees/crop_1769341089408.jpg
69760104e9001af64ec7a5f1,Saree044,https://srinivas-ias-academy.s3.amazonaws.com/sarees/crop_1769341108124.jpg
69760104e9001af64ec7a5f1,Saree044,https://srinivas-ias-academy.s3.amazonaws.com/sarees/crop_1769341135467.jpg
69760104e9001af64ec7a5f1,Saree044,https://srinivas-ias-academy.s3.amazonaws.com/sarees/crop_1769341143375.jpg
69760104e9001af64ec7a5f1,Saree044,https://srinivas-ias-academy.s3.amazonaws.com/sarees/crop_1769341161673.jpg
69760104e9001af64ec7a5f1,Saree044,https://srinivas-ias-academy.s3.amazonaws.com/sarees/crop_1769341173876.jpg
697601e5e9001af64ec7a5f2,Saree045,https://srinivas-ias-academy.s3.amazonaws.com/sarees/crop_1769341272756.jpg
697601e5e9001af64ec7a5f2,Saree045,https://srinivas-ias-academy.s3.amazonaws.com/sarees/crop_1769341318057.jpg
697601e5e9001af64ec7a5f2,Saree045,https://srinivas-ias-academy.s3.amazonaws.com/sarees/crop_1769341334229.jpg
697601e5e9001af64ec7a5f2,Saree045,https://srinivas-ias-academy.s3.amazonaws.com/sarees/crop_1769341356823.jpg
697601e5e9001af64ec7a5f2,Saree045,https://srinivas-ias-academy.s3.amazonaws.com/sarees/crop_1769341383099.jpg
697601e5e9001af64ec7a5f2,Saree045,https://srinivas-ias-academy.s3.amazonaws.com/sarees/crop_1769341396351.jpg
697601e5e9001af64ec7a5f2,Saree045,https://srinivas-ias-academy.s3.amazonaws.com/sarees/crop_1769341409626.jpg
69760252e9001af64ec7a5f3,Saree046,https://srinivas-ias-academy.s3.amazonaws.com/sarees/crop_1769341437652.jpg
69760252e9001af64ec7a5f3,Saree046,https://srinivas-ias-academy.s3.amazonaws.com/sarees/crop_1769341448889.jpg
69760252e9001af64ec7a5f3,Saree046,https://srinivas-ias-academy.s3.amazonaws.com/sarees/crop_1769341476279.jpg
69760252e9001af64ec7a5f3,Saree046,https://srinivas-ias-academy.s3.amazonaws.com/sarees/crop_1769341493993.jpg
69760252e9001af64ec7a5f3,Saree046,https://srinivas-ias-academy.s3.amazonaws.com/sarees/crop_1769341501930.jpg
69760252e9001af64ec7a5f3,Saree046,https://srinivas-ias-academy.s3.amazonaws.com/sarees/crop_1769341518429.jpg
697602e9e9001af64ec7a5f4,Saree047,https://srinivas-ias-academy.s3.amazonaws.com/sarees/crop_1769341542280.jpg
697602e9e9001af64ec7a5f4,Saree047,https://srinivas-ias-academy.s3.amazonaws.com/sarees/crop_1769341579788.jpg
697602e9e9001af64ec7a5f4,Saree047,https://srinivas-ias-academy.s3.amazonaws.com/sarees/crop_1769341596785.jpg
697602e9e9001af64ec7a5f4,Saree047,https://srinivas-ias-academy.s3.amazonaws.com/sarees/crop_1769341622568.jpg
697602e9e9001af64ec7a5f4,Saree047,https://srinivas-ias-academy.s3.amazonaws.com/sarees/crop_1769341638513.jpg
697602e9e9001af64ec7a5f4,Saree047,https://srinivas-ias-academy.s3.amazonaws.com/sarees/crop_1769341655294.jpg
697602e9e9001af64ec7a5f4,Saree047,https://srinivas-ias-academy.s3.amazonaws.com/sarees/crop_1769341670457.jpg
69760405e9001af64ec7a5f5,Saree048,https://srinivas-ias-academy.s3.amazonaws.com/sarees/crop_1769341760072.jpg
69760405e9001af64ec7a5f5,Saree048,https://srinivas-ias-academy.s3.amazonaws.com/sarees/crop_1769341781963.jpg
69760405e9001af64ec7a5f5,Saree048,https://srinivas-ias-academy.s3.amazonaws.com/sarees/crop_1769341809718.jpg
69760405e9001af64ec7a5f5,Saree048,https://srinivas-ias-academy.s3.amazonaws.com/sarees/crop_1769341830134.jpg
69760405e9001af64ec7a5f5,Saree048,https://srinivas-ias-academy.s3.amazonaws.com/sarees/crop_1769341876096.jpg
69760405e9001af64ec7a5f5,Saree048,https://srinivas-ias-academy.s3.amazonaws.com/sarees/crop_1769341951185.jpg
697604a5e9001af64ec7a5f6,Saree049,https://srinivas-ias-academy.s3.amazonaws.com/sarees/crop_1769342035349.jpg
697604a5e9001af64ec7a5f6,Saree049,https://srinivas-ias-academy.s3.amazonaws.com/sarees/crop_1769342053207.jpg
697604a5e9001af64ec7a5f6,Saree049,https://srinivas-ias-academy.s3.amazonaws.com/sarees/crop_1769342071870.jpg
697604a5e9001af64ec7a5f6,Saree049,https://srinivas-ias-academy.s3.amazonaws.com/sarees/crop_1769342083333.jpg
697604a5e9001af64ec7a5f6,Saree049,https://srinivas-ias-academy.s3.amazonaws.com/sarees/crop_1769342097457.jpg
697604a5e9001af64ec7a5f6,Saree049,https://srinivas-ias-academy.s3.amazonaws.com/sarees/crop_1769342112801.jpg
697604e5e9001af64ec7a5f7,Saree050,https://srinivas-ias-academy.s3.amazonaws.com/sarees/crop_1769342139269.jpg
697604e5e9001af64ec7a5f7,Saree050,https://srinivas-ias-academy.s3.amazonaws.com/sarees/crop_1769342151675.jpg
697604e5e9001af64ec7a5f7,Saree050,https://srinivas-ias-academy.s3.amazonaws.com/sarees/crop_1769342166426.jpg
697604e5e9001af64ec7a5f7,Saree050,https://srinivas-ias-academy.s3.amazonaws.com/sarees/crop_1769342178479.jpg
69760560e9001af64ec7a5f8,Saree051,https://srinivas-ias-academy.s3.amazonaws.com/sarees/crop_1769342207506.jpg
69760560e9001af64ec7a5f8,Saree051,https://srinivas-ias-academy.s3.amazonaws.com/sarees/crop_1769342248830.jpg
69760560e9001af64ec7a5f8,Saree051,https://srinivas-ias-academy.s3.amazonaws.com/sarees/crop_1769342262721.jpg
69760560e9001af64ec7a5f8,Saree051,https://srinivas-ias-academy.s3.amazonaws.com/sarees/crop_1769342277699.jpg
69760560e9001af64ec7a5f8,Saree051,https://srinivas-ias-academy.s3.amazonaws.com/sarees/crop_1769342288238.jpg
69760560e9001af64ec7a5f8,Saree051,https://srinivas-ias-academy.s3.amazonaws.com/sarees/crop_1769342301172.jpg
697605e5e9001af64ec7a5f9,Saree052,https://srinivas-ias-academy.s3.amazonaws.com/sarees/crop_1769342330244.jpg
697605e5e9001af64ec7a5f9,Saree052,https://srinivas-ias-academy.s3.amazonaws.com/sarees/crop_1769342342704.jpg
697605e5e9001af64ec7a5f9,Saree052,https://srinivas-ias-academy.s3.amazonaws.com/sarees/crop_1769342360399.jpg
697605e5e9001af64ec7a5f9,Saree052,https://srinivas-ias-academy.s3.amazonaws.com/sarees/crop_1769342374493.jpg
697605e5e9001af64ec7a5f9,Saree052,https://srinivas-ias-academy.s3.amazonaws.com/sarees/crop_1769342386579.jpg
697605e5e9001af64ec7a5f9,Saree052,https://srinivas-ias-academy.s3.amazonaws.com/sarees/crop_1769342398443.jpg
6976064ae9001af64ec7a5fa,Saree053,https://srinivas-ias-academy.s3.amazonaws.com/sarees/crop_1769342479794.jpg
6976064ae9001af64ec7a5fa,Saree053,https://srinivas-ias-academy.s3.amazonaws.com/sarees/crop_1769342491752.jpg
6976064ae9001af64ec7a5fa,Saree053,https://srinivas-ias-academy.s3.amazonaws.com/sarees/crop_1769342502029.jpg
6976064ae9001af64ec7a5fa,Saree053,https://srinivas-ias-academy.s3.amazonaws.com/sarees/crop_1769342513345.jpg
6976064ae9001af64ec7a5fa,Saree053,https://srinivas-ias-academy.s3.amazonaws.com/sarees/crop_1769342523349.jpg
6976064ae9001af64ec7a5fa,Saree053,https://srinivas-ias-academy.s3.amazonaws.com/sarees/crop_1769342534975.jpg
697606bbe9001af64ec7a5fb,Saree054,https://srinivas-ias-academy.s3.amazonaws.com/sarees/crop_1769342551342.jpg
697606bbe9001af64ec7a5fb,Saree054,https://srinivas-ias-academy.s3.amazonaws.com/sarees/crop_1769342564814.jpg
697606bbe9001af64ec7a5fb,Saree054,https://srinivas-ias-academy.s3.amazonaws.com/sarees/crop_1769342577569.jpg
697606bbe9001af64ec7a5fb,Saree054,https://srinivas-ias-academy.s3.amazonaws.com/sarees/crop_1769342601135.jpg
697606bbe9001af64ec7a5fb,Saree054,https://srinivas-ias-academy.s3.amazonaws.com/sarees/crop_1769342614143.jpg
697606bbe9001af64ec7a5fb,Saree054,https://srinivas-ias-academy.s3.amazonaws.com/sarees/crop_1769342632471.jpg
697606bbe9001af64ec7a5fb,Saree054,https://srinivas-ias-academy.s3.amazonaws.com/sarees/crop_1769342645859.jpg
69760780e9001af64ec7a5fc,Saree055,https://srinivas-ias-academy.s3.amazonaws.com/sarees/crop_1769342761039.jpg
69760780e9001af64ec7a5fc,Saree055,https://srinivas-ias-academy.s3.amazonaws.com/sarees/crop_1769342774417.jpg
69760780e9001af64ec7a5fc,Saree055,https://srinivas-ias-academy.s3.amazonaws.com/sarees/crop_1769342786428.jpg
69760780e9001af64ec7a5fc,Saree055,https://srinivas-ias-academy.s3.amazonaws.com/sarees/crop_1769342803812.jpg
69760780e9001af64ec7a5fc,Saree055,https://srinivas-ias-academy.s3.amazonaws.com/sarees/crop_1769342819487.jpg
69760780e9001af64ec7a5fc,Saree055,https://srinivas-ias-academy.s3.amazonaws.com/sarees/crop_1769342832326.jpg
69760780e9001af64ec7a5fc,Saree055,https://srinivas-ias-academy.s3.amazonaws.com/sarees/crop_1769342844204.jpg
697608e1e9001af64ec7a5fd,Saree056,https://srinivas-ias-academy.s3.amazonaws.com/sarees/crop_1769343133476.jpg
697608e1e9001af64ec7a5fd,Saree056,https://srinivas-ias-academy.s3.amazonaws.com/sarees/crop_1769343147230.jpg
697608e1e9001af64ec7a5fd,Saree056,https://srinivas-ias-academy.s3.amazonaws.com/sarees/crop_1769343158659.jpg
697608e1e9001af64ec7a5fd,Saree056,https://srinivas-ias-academy.s3.amazonaws.com/sarees/crop_1769343177045.jpg
697608e1e9001af64ec7a5fd,Saree056,https://srinivas-ias-academy.s3.amazonaws.com/sarees/crop_1769343194147.jpg
6976095fe9001af64ec7a5fe,Saree057,https://srinivas-ias-academy.s3.amazonaws.com/sarees/crop_1769343217076.jpg
6976095fe9001af64ec7a5fe,Saree057,https://srinivas-ias-academy.s3.amazonaws.com/sarees/crop_1769343239655.jpg
6976095fe9001af64ec7a5fe,Saree057,https://srinivas-ias-academy.s3.amazonaws.com/sarees/crop_1769343253010.jpg
6976095fe9001af64ec7a5fe,Saree057,https://srinivas-ias-academy.s3.amazonaws.com/sarees/crop_1769343271358.jpg
6976095fe9001af64ec7a5fe,Saree057,https://srinivas-ias-academy.s3.amazonaws.com/sarees/crop_1769343287785.jpg
6976095fe9001af64ec7a5fe,Saree057,https://srinivas-ias-academy.s3.amazonaws.com/sarees/crop_1769343295502.jpg
69760ae4e9001af64ec7a5ff,Saree058,https://srinivas-ias-academy.s3.amazonaws.com/sarees/crop_1769343611661.jpg
69760ae4e9001af64ec7a5ff,Saree058,https://srinivas-ias-academy.s3.amazonaws.com/sarees/crop_1769343619007.jpg
69760ae4e9001af64ec7a5ff,Saree058,https://srinivas-ias-academy.s3.amazonaws.com/sarees/crop_1769343635900.jpg
69760ae4e9001af64ec7a5ff,Saree058,https://srinivas-ias-academy.s3.amazonaws.com/sarees/crop_1769343649398.jpg
69760ae4e9001af64ec7a5ff,Saree058,https://srinivas-ias-academy.s3.amazonaws.com/sarees/crop_1769343661981.jpg
69760b65e9001af64ec7a600,Saree059,https://srinivas-ias-academy.s3.amazonaws.com/sarees/crop_1769343729492.jpg
69760b65e9001af64ec7a600,Saree059,https://srinivas-ias-academy.s3.amazonaws.com/sarees/crop_1769343748464.jpg
69760b65e9001af64ec7a600,Saree059,https://srinivas-ias-academy.s3.amazonaws.com/sarees/crop_1769343771044.jpg
69760b65e9001af64ec7a600,Saree059,https://srinivas-ias-academy.s3.amazonaws.com/sarees/crop_1769343784566.jpg
69760b65e9001af64ec7a600,Saree059,https://srinivas-ias-academy.s3.amazonaws.com/sarees/crop_1769343800710.jpg
69760b65e9001af64ec7a600,Saree059,https://srinivas-ias-academy.s3.amazonaws.com/sarees/crop_1769343829063.jpg
69760b65e9001af64ec7a600,Saree059,https://srinivas-ias-academy.s3.amazonaws.com/sarees/crop_1769343842274.jpg
69760bd5e9001af64ec7a601,Saree060,https://srinivas-ias-academy.s3.amazonaws.com/sarees/crop_1769343862472.jpg
69760bd5e9001af64ec7a601,Saree060,https://srinivas-ias-academy.s3.amazonaws.com/sarees/crop_1769343886817.jpg
69760bd5e9001af64ec7a601,Saree060,https://srinivas-ias-academy.s3.amazonaws.com/sarees/crop_1769343905142.jpg
69760bd5e9001af64ec7a601,Saree060,https://srinivas-ias-academy.s3.amazonaws.com/sarees/crop_1769343918515.jpg
69760bd5e9001af64ec7a601,Saree060,https://srinivas-ias-academy.s3.amazonaws.com/sarees/crop_1769343931167.jpg
69760bd5e9001af64ec7a601,Saree060,https://srinivas-ias-academy.s3.amazonaws.com/sarees/crop_1769343952173.jpg
69760bd5e9001af64ec7a601,Saree060,https://srinivas-ias-academy.s3.amazonaws.com/sarees/crop_1769343986231.jpg
69760c3de9001af64ec7a602,Saree061,https://srinivas-ias-academy.s3.amazonaws.com/sarees/crop_1769344019744.jpg
69760c3de9001af64ec7a602,Saree061,https://srinivas-ias-academy.s3.amazonaws.com/sarees/crop_1769344035454.jpg
69760c3de9001af64ec7a602,Saree061,https://srinivas-ias-academy.s3.amazonaws.com/sarees/crop_1769344052541.jpg
69760c3de9001af64ec7a602,Saree061,https://srinivas-ias-academy.s3.amazonaws.com/sarees/crop_1769344073276.jpg
69760c3de9001af64ec7a602,Saree061,https://srinivas-ias-academy.s3.amazonaws.com/sarees/crop_1769344087795.jpg
69760cb6e9001af64ec7a603,Saree062,https://srinivas-ias-academy.s3.amazonaws.com/sarees/crop_1769344112994.jpg
69760cb6e9001af64ec7a603,Saree062,https://srinivas-ias-academy.s3.amazonaws.com/sarees/crop_1769344128736.jpg
69760cb6e9001af64ec7a603,Saree062,https://srinivas-ias-academy.s3.amazonaws.com/sarees/crop_1769344144672.jpg
69760cb6e9001af64ec7a603,Saree062,https://srinivas-ias-academy.s3.amazonaws.com/sarees/crop_1769344166395.jpg
69760cb6e9001af64ec7a603,Saree062,https://srinivas-ias-academy.s3.amazonaws.com/sarees/crop_1769344173964.jpg
69760d0ee9001af64ec7a604,Saree063,https://srinivas-ias-academy.s3.amazonaws.com/sarees/crop_1769344194400.jpg
69760d0ee9001af64ec7a604,Saree063,https://srinivas-ias-academy.s3.amazonaws.com/sarees/crop_1769344208657.jpg
69760d0ee9001af64ec7a604,Saree063,https://srinivas-ias-academy.s3.amazonaws.com/sarees/crop_1769344230372.jpg
69760d0ee9001af64ec7a604,Saree063,https://srinivas-ias-academy.s3.amazonaws.com/sarees/crop_1769344239715.jpg
69760d0ee9001af64ec7a604,Saree063,https://srinivas-ias-academy.s3.amazonaws.com/sarees/crop_1769344253631.jpg
69760d0ee9001af64ec7a604,Saree063,https://srinivas-ias-academy.s3.amazonaws.com/sarees/crop_1769344266447.jpg
698301a0e9001af64ec7a608,Saree064,https://srinivas-ias-academy.s3.amazonaws.com/sarees/crop_1770193244565.jpg
698301a0e9001af64ec7a608,Saree064,https://srinivas-ias-academy.s3.amazonaws.com/sarees/crop_1770193254548.jpg
698301a0e9001af64ec7a608,Saree064,https://srinivas-ias-academy.s3.amazonaws.com/sarees/crop_1770193264601.jpg
698301a0e9001af64ec7a608,Saree064,https://srinivas-ias-academy.s3.amazonaws.com/sarees/crop_1770193277344.jpg
698301a0e9001af64ec7a608,Saree064,https://srinivas-ias-academy.s3.amazonaws.com/sarees/crop_1770193287235.jpg
698301a0e9001af64ec7a608,Saree064,https://srinivas-ias-academy.s3.amazonaws.com/sarees/crop_1770193295902.jpg
698301a0e9001af64ec7a608,Saree064,https://srinivas-ias-academy.s3.amazonaws.com/sarees/crop_1770193306194.jpg
69830318e9001af64ec7a609,Saree065,https://srinivas-ias-academy.s3.amazonaws.com/sarees/crop_1770193598457.jpg
69830318e9001af64ec7a609,Saree065,https://srinivas-ias-academy.s3.amazonaws.com/sarees/crop_1770193612667.jpg
69830318e9001af64ec7a609,Saree065,https://srinivas-ias-academy.s3.amazonaws.com/sarees/crop_1770193622112.jpg
69830318e9001af64ec7a609,Saree065,https://srinivas-ias-academy.s3.amazonaws.com/sarees/crop_1770193632345.jpg
69830318e9001af64ec7a609,Saree065,https://srinivas-ias-academy.s3.amazonaws.com/sarees/crop_1770193642507.jpg
69830318e9001af64ec7a609,Saree065,https://srinivas-ias-academy.s3.amazonaws.com/sarees/crop_1770193652076.jpg
69830318e9001af64ec7a609,Saree065,https://srinivas-ias-academy.s3.amazonaws.com/sarees/crop_1770193670578.jpg
6985d0f9e9001af64ec7a60a,Saree066,https://srinivas-ias-academy.s3.amazonaws.com/sarees/crop_1770377023675.jpg
6985d0f9e9001af64ec7a60a,Saree066,https://srinivas-ias-academy.s3.amazonaws.com/sarees/crop_1770377048746.jpg
6985d0f9e9001af64ec7a60a,Saree066,https://srinivas-ias-academy.s3.amazonaws.com/sarees/crop_1770377067942.jpg
6985d0f9e9001af64ec7a60a,Saree066,https://srinivas-ias-academy.s3.amazonaws.com/sarees/crop_1770377139882.jpg
6985d0f9e9001af64ec7a60a,Saree066,https://srinivas-ias-academy.s3.amazonaws.com/sarees/crop_1770377213789.jpg
6985d0f9e9001af64ec7a60a,Saree066,https://srinivas-ias-academy.s3.amazonaws.com/sarees/crop_1770377244700.jpg
6985d15fe9001af64ec7a60b,Saree067,https://srinivas-ias-academy.s3.amazonaws.com/sarees/crop_1770377488448.jpg
6985d15fe9001af64ec7a60b,Saree067,https://srinivas-ias-academy.s3.amazonaws.com/sarees/crop_1770377503585.jpg
6985d15fe9001af64ec7a60b,Saree067,https://srinivas-ias-academy.s3.amazonaws.com/sarees/crop_1770377509983.jpg
6985d15fe9001af64ec7a60b,Saree067,https://srinivas-ias-academy.s3.amazonaws.com/sarees/crop_1770377524620.jpg
6985d15fe9001af64ec7a60b,Saree067,https://srinivas-ias-academy.s3.amazonaws.com/sarees/crop_1770377537898.jpg
6985d15fe9001af64ec7a60b,Saree067,https://srinivas-ias-academy.s3.amazonaws.com/sarees/crop_1770377556258.jpg
6985d15fe9001af64ec7a60b,Saree067,https://srinivas-ias-academy.s3.amazonaws.com/sarees/crop_1770378039415.jpg
6985d1ace9001af64ec7a60c,Saree068,https://srinivas-ias-academy.s3.amazonaws.com/sarees/crop_1770377590304.jpg
6985d1ace9001af64ec7a60c,Saree068,https://srinivas-ias-academy.s3.amazonaws.com/sarees/crop_1770377607857.jpg
6985d1ace9001af64ec7a60c,Saree068,https://srinivas-ias-academy.s3.amazonaws.com/sarees/crop_1770377617013.jpg
6985d1ace9001af64ec7a60c,Saree068,https://srinivas-ias-academy.s3.amazonaws.com/sarees/crop_1770377629488.jpg
6985d1ace9001af64ec7a60c,Saree068,https://srinivas-ias-academy.s3.amazonaws.com/sarees/crop_1770377636683.jpg
6985d1ace9001af64ec7a60c,Saree068,https://srinivas-ias-academy.s3.amazonaws.com/sarees/crop_1770377674799.jpg
6985d1ace9001af64ec7a60c,Saree068,https://srinivas-ias-academy.s3.amazonaws.com/sarees/crop_1770377689502.jpg
6985d325e9001af64ec7a60d,Saree069,https://srinivas-ias-academy.s3.amazonaws.com/sarees/crop_1770377844393.jpg
6985d325e9001af64ec7a60d,Saree069,https://srinivas-ias-academy.s3.amazonaws.com/sarees/crop_1770377851076.jpg
6985d325e9001af64ec7a60d,Saree069,https://srinivas-ias-academy.s3.amazonaws.com/sarees/crop_1770377862710.jpg
6985d325e9001af64ec7a60d,Saree069,https://srinivas-ias-academy.s3.amazonaws.com/sarees/crop_1770377877800.jpg
6985d325e9001af64ec7a60d,Saree069,https://srinivas-ias-academy.s3.amazonaws.com/sarees/crop_1770377884634.jpg
6985d325e9001af64ec7a60d,Saree069,https://srinivas-ias-academy.s3.amazonaws.com/sarees/crop_1770377907340.jpg
6985d325e9001af64ec7a60d,Saree069,https://srinivas-ias-academy.s3.amazonaws.com/sarees/crop_1770377926040.jpg
6985d325e9001af64ec7a60d,Saree069,https://srinivas-ias-academy.s3.amazonaws.com/sarees/crop_1770377939369.jpg
6985d325e9001af64ec7a60d,Saree069,https://srinivas-ias-academy.s3.amazonaws.com/sarees/crop_1770377952887.jpg
6985d325e9001af64ec7a60d,Saree069,https://srinivas-ias-academy.s3.amazonaws.com/sarees/crop_1770377982116.jpg
6985d325e9001af64ec7a60d,Saree069,https://srinivas-ias-academy.s3.amazonaws.com/sarees/crop_1770378013512.jpg
6985d3d1e9001af64ec7a60e,Saree070,https://srinivas-ias-academy.s3.amazonaws.com/sarees/crop_1770378075687.jpg
6985d3d1e9001af64ec7a60e,Saree070,https://srinivas-ias-academy.s3.amazonaws.com/sarees/crop_1770378099261.jpg
6985d3d1e9001af64ec7a60e,Saree070,https://srinivas-ias-academy.s3.amazonaws.com/sarees/crop_1770378117274.jpg
6985d3d1e9001af64ec7a60e,Saree070,https://srinivas-ias-academy.s3.amazonaws.com/sarees/crop_1770378142850.jpg
6985d3d1e9001af64ec7a60e,Saree070,https://srinivas-ias-academy.s3.amazonaws.com/sarees/crop_1770378157230.jpg
6985d3d1e9001af64ec7a60e,Saree070,https://srinivas-ias-academy.s3.amazonaws.com/sarees/crop_1770378168566.jpg
6985d3d1e9001af64ec7a60e,Saree070,https://srinivas-ias-academy.s3.amazonaws.com/sarees/crop_1770378184201.jpg
6985d491e9001af64ec7a60f,Saree071,https://srinivas-ias-academy.s3.amazonaws.com/sarees/crop_1770378328486.jpg
6985d491e9001af64ec7a60f,Saree071,https://srinivas-ias-academy.s3.amazonaws.com/sarees/crop_1770378341426.jpg
6985d491e9001af64ec7a60f,Saree071,https://srinivas-ias-academy.s3.amazonaws.com/sarees/crop_1770378352180.jpg
6985d491e9001af64ec7a60f,Saree071,https://srinivas-ias-academy.s3.amazonaws.com/sarees/crop_1770378361907.jpg
6985d491e9001af64ec7a60f,Saree071,https://srinivas-ias-academy.s3.amazonaws.com/sarees/crop_1770378370659.jpg
6985d50ce9001af64ec7a610,Saree072,https://srinivas-ias-academy.s3.amazonaws.com/sarees/crop_1770378417875.jpg
6985d50ce9001af64ec7a610,Saree072,https://srinivas-ias-academy.s3.amazonaws.com/sarees/crop_1770378427525.jpg
6985d50ce9001af64ec7a610,Saree072,https://srinivas-ias-academy.s3.amazonaws.com/sarees/crop_1770378438902.jpg
6985d50ce9001af64ec7a610,Saree072,https://srinivas-ias-academy.s3.amazonaws.com/sarees/crop_1770378449772.jpg
6985d50ce9001af64ec7a610,Saree072,https://srinivas-ias-academy.s3.amazonaws.com/sarees/crop_1770378499127.jpg
6985d50ce9001af64ec7a610,Saree072,https://srinivas-ias-academy.s3.amazonaws.com/sarees/crop_1770378633730.jpg
6985d571e9001af64ec7a611,Saree073,https://srinivas-ias-academy.s3.amazonaws.com/sarees/crop_1770378534231.jpg
6985d571e9001af64ec7a611,Saree073,https://srinivas-ias-academy.s3.amazonaws.com/sarees/crop_1770378544582.jpg
6985d571e9001af64ec7a611,Saree073,https://srinivas-ias-academy.s3.amazonaws.com/sarees/crop_1770378555367.jpg
6985d571e9001af64ec7a611,Saree073,https://srinivas-ias-academy.s3.amazonaws.com/sarees/crop_1770378580414.jpg
6985d571e9001af64ec7a611,Saree073,https://srinivas-ias-academy.s3.amazonaws.com/sarees/crop_1770378590359.jpg
6985d625e9001af64ec7a612,Saree074,https://srinivas-ias-academy.s3.amazonaws.com/sarees/crop_1770378695381.jpg
6985d625e9001af64ec7a612,Saree074,https://srinivas-ias-academy.s3.amazonaws.com/sarees/crop_1770378711030.jpg
6985d625e9001af64ec7a612,Saree074,https://srinivas-ias-academy.s3.amazonaws.com/sarees/crop_1770378725442.jpg
6985d625e9001af64ec7a612,Saree074,https://srinivas-ias-academy.s3.amazonaws.com/sarees/crop_1770378742006.jpg
6985d625e9001af64ec7a612,Saree074,https://srinivas-ias-academy.s3.amazonaws.com/sarees/crop_1770378755563.jpg
6985d625e9001af64ec7a612,Saree074,https://srinivas-ias-academy.s3.amazonaws.com/sarees/crop_1770378763093.jpg
6985d625e9001af64ec7a612,Saree074,https://srinivas-ias-academy.s3.amazonaws.com/sarees/crop_1770378773749.jpg
6985d625e9001af64ec7a612,Saree074,https://srinivas-ias-academy.s3.amazonaws.com/sarees/crop_1770378783618.jpg
6985d6cce9001af64ec7a613,Saree075,https://srinivas-ias-academy.s3.amazonaws.com/sarees/crop_1770378871077.jpg
6985d6cce9001af64ec7a613,Saree075,https://srinivas-ias-academy.s3.amazonaws.com/sarees/crop_1770378885272.jpg
6985d6cce9001af64ec7a613,Saree075,https://srinivas-ias-academy.s3.amazonaws.com/sarees/crop_1770378899480.jpg
6985d6cce9001af64ec7a613,Saree075,https://srinivas-ias-academy.s3.amazonaws.com/sarees/crop_1770378910656.jpg
6985d6cce9001af64ec7a613,Saree075,https://srinivas-ias-academy.s3.amazonaws.com/sarees/crop_1770378924213.jpg
6985d6cce9001af64ec7a613,Saree075,https://srinivas-ias-academy.s3.amazonaws.com/sarees/crop_1770378938825.jpg
6985d7bbe9001af64ec7a614,Saree076,https://srinivas-ias-academy.s3.amazonaws.com/sarees/crop_1770379095162.jpg
6985d7bbe9001af64ec7a614,Saree076,https://srinivas-ias-academy.s3.amazonaws.com/sarees/crop_1770379109454.jpg
6985d7bbe9001af64ec7a614,Saree076,https://srinivas-ias-academy.s3.amazonaws.com/sarees/crop_1770379118789.jpg
6985d7bbe9001af64ec7a614,Saree076,https://srinivas-ias-academy.s3.amazonaws.com/sarees/crop_1770379133566.jpg
6985d7bbe9001af64ec7a614,Saree076,https://srinivas-ias-academy.s3.amazonaws.com/sarees/crop_1770379146983.jpg
6985d7bbe9001af64ec7a614,Saree076,https://srinivas-ias-academy.s3.amazonaws.com/sarees/crop_1770379162105.jpg
6985d7bbe9001af64ec7a614,Saree076,https://srinivas-ias-academy.s3.amazonaws.com/sarees/crop_1770379169081.jpg
6985d821e9001af64ec7a615,Saree077,https://srinivas-ias-academy.s3.amazonaws.com/sarees/crop_1770379212075.jpg
6985d821e9001af64ec7a615,Saree077,https://srinivas-ias-academy.s3.amazonaws.com/sarees/crop_1770379233691.jpg
6985d821e9001af64ec7a615,Saree077,https://srinivas-ias-academy.s3.amazonaws.com/sarees/crop_1770379245019.jpg
6985d821e9001af64ec7a615,Saree077,https://srinivas-ias-academy.s3.amazonaws.com/sarees/crop_1770379271188.jpg
6985d821e9001af64ec7a615,Saree077,https://srinivas-ias-academy.s3.amazonaws.com/sarees/crop_1770379953493.jpg
6985d821e9001af64ec7a615,Saree077,https://srinivas-ias-academy.s3.amazonaws.com/sarees/crop_1770379993163.jpg
6985db2ae9001af64ec7a616,Saree078,https://srinivas-ias-academy.s3.amazonaws.com/sarees/crop_1770380017865.jpg
6985db2ae9001af64ec7a616,Saree078,https://srinivas-ias-academy.s3.amazonaws.com/sarees/crop_1770380039907.jpg
6985db2ae9001af64ec7a616,Saree078,https://srinivas-ias-academy.s3.amazonaws.com/sarees/crop_1770380056478.jpg
6985db2ae9001af64ec7a616,Saree078,https://srinivas-ias-academy.s3.amazonaws.com/sarees/crop_1770380068313.jpg
6985dbc7e9001af64ec7a617,Saree079,https://srinivas-ias-academy.s3.amazonaws.com/sarees/crop_1770380109856.jpg
6985dbc7e9001af64ec7a617,Saree079,https://srinivas-ias-academy.s3.amazonaws.com/sarees/crop_1770380122904.jpg
6985dbc7e9001af64ec7a617,Saree079,https://srinivas-ias-academy.s3.amazonaws.com/sarees/crop_1770380138402.jpg
6985dbc7e9001af64ec7a617,Saree079,https://srinivas-ias-academy.s3.amazonaws.com/sarees/crop_1770380154866.jpg
6985dbc7e9001af64ec7a617,Saree079,https://srinivas-ias-academy.s3.amazonaws.com/sarees/crop_1770380169653.jpg
6985dbc7e9001af64ec7a617,Saree079,https://srinivas-ias-academy.s3.amazonaws.com/sarees/crop_1770380183603.jpg
6985dc69e9001af64ec7a618,Saree080,https://srinivas-ias-academy.s3.amazonaws.com/sarees/crop_1770380267794.jpg
6985dc69e9001af64ec7a618,Saree080,https://srinivas-ias-academy.s3.amazonaws.com/sarees/crop_1770380281221.jpg
6985dc69e9001af64ec7a618,Saree080,https://srinivas-ias-academy.s3.amazonaws.com/sarees/crop_1770380302384.jpg
6985dc69e9001af64ec7a618,Saree080,https://srinivas-ias-academy.s3.amazonaws.com/sarees/crop_1770380311730.jpg
6985dc69e9001af64ec7a618,Saree080,https://srinivas-ias-academy.s3.amazonaws.com/sarees/crop_1770380332604.jpg
6985dc69e9001af64ec7a618,Saree080,https://srinivas-ias-academy.s3.amazonaws.com/sarees/crop_1770380345722.jpg
6985dc69e9001af64ec7a618,Saree080,https://srinivas-ias-academy.s3.amazonaws.com/sarees/crop_1770380369670.jpg
6985dc69e9001af64ec7a618,Saree080,https://srinivas-ias-academy.s3.amazonaws.com/sarees/crop_1770380387790.jpg
6985dd0ce9001af64ec7a619,Saree081,https://srinivas-ias-academy.s3.amazonaws.com/sarees/crop_1770380454931.jpg
6985dd0ce9001af64ec7a619,Saree081,https://srinivas-ias-academy.s3.amazonaws.com/sarees/crop_1770380467439.jpg
6985dd0ce9001af64ec7a619,Saree081,https://srinivas-ias-academy.s3.amazonaws.com/sarees/crop_1770380477720.jpg
6985dd0ce9001af64ec7a619,Saree081,https://srinivas-ias-academy.s3.amazonaws.com/sarees/crop_1770380495022.jpg
6985dd0ce9001af64ec7a619,Saree081,https://srinivas-ias-academy.s3.amazonaws.com/sarees/crop_1770380522553.jpg
6985ddc8e9001af64ec7a61a,Saree082,https://srinivas-ias-academy.s3.amazonaws.com/sarees/crop_1770380573996.jpg
6985ddc8e9001af64ec7a61a,Saree082,https://srinivas-ias-academy.s3.amazonaws.com/sarees/crop_1770380599370.jpg
6985ddc8e9001af64ec7a61a,Saree082,https://srinivas-ias-academy.s3.amazonaws.com/sarees/crop_1770380614178.jpg
6985ddc8e9001af64ec7a61a,Saree082,https://srinivas-ias-academy.s3.amazonaws.com/sarees/crop_1770380654265.jpg
6985ddc8e9001af64ec7a61a,Saree082,https://srinivas-ias-academy.s3.amazonaws.com/sarees/crop_1770380673856.jpg
6985ddc8e9001af64ec7a61a,Saree082,https://srinivas-ias-academy.s3.amazonaws.com/sarees/crop_1770380694396.jpg
6985ddc8e9001af64ec7a61a,Saree082,https://srinivas-ias-academy.s3.amazonaws.com/sarees/crop_1770380711368.jpg
6985e018e9001af64ec7a61b,Saree083,https://srinivas-ias-academy.s3.amazonaws.com/sarees/crop_1770381225571.jpg
6985e018e9001af64ec7a61b,Saree083,https://srinivas-ias-academy.s3.amazonaws.com/sarees/crop_1770381234209.jpg
6985e018e9001af64ec7a61b,Saree083,https://srinivas-ias-academy.s3.amazonaws.com/sarees/crop_1770381248037.jpg
6985e018e9001af64ec7a61b,Saree083,https://srinivas-ias-academy.s3.amazonaws.com/sarees/crop_1770381256718.jpg
6985e018e9001af64ec7a61b,Saree083,https://srinivas-ias-academy.s3.amazonaws.com/sarees/crop_1770381269968.jpg
6985e018e9001af64ec7a61b,Saree083,https://srinivas-ias-academy.s3.amazonaws.com/sarees/crop_1770381286286.jpg
6985e018e9001af64ec7a61b,Saree083,https://srinivas-ias-academy.s3.amazonaws.com/sarees/crop_1770381299373.jpg
6985e018e9001af64ec7a61b,Saree083,https://srinivas-ias-academy.s3.amazonaws.com/sarees/crop_1770381320827.jpg
6985e018e9001af64ec7a61b,Saree083,https://srinivas-ias-academy.s3.amazonaws.com/sarees/crop_1770381329337.jpg
6985e0e2e9001af64ec7a61c,Saree084,https://srinivas-ias-academy.s3.amazonaws.com/sarees/crop_1770381464589.jpg
6985e0e2e9001af64ec7a61c,Saree084,https://srinivas-ias-academy.s3.amazonaws.com/sarees/crop_1770381475646.jpg
6985e0e2e9001af64ec7a61c,Saree084,https://srinivas-ias-academy.s3.amazonaws.com/sarees/crop_1770381486625.jpg
6985e0e2e9001af64ec7a61c,Saree084,https://srinivas-ias-academy.s3.amazonaws.com/sarees/crop_1770381499513.jpg
6985e0e2e9001af64ec7a61c,Saree084,https://srinivas-ias-academy.s3.amazonaws.com/sarees/crop_1770381513922.jpg
6985e0e2e9001af64ec7a61c,Saree084,https://srinivas-ias-academy.s3.amazonaws.com/sarees/crop_1770381528161.jpg
6985e13ae9001af64ec7a61d,Saree085,https://srinivas-ias-academy.s3.amazonaws.com/sarees/crop_1770381561515.jpg
6985e13ae9001af64ec7a61d,Saree085,https://srinivas-ias-academy.s3.amazonaws.com/sarees/crop_1770381570311.jpg
6985e13ae9001af64ec7a61d,Saree085,https://srinivas-ias-academy.s3.amazonaws.com/sarees/crop_1770381582665.jpg
6985e13ae9001af64ec7a61d,Saree085,https://srinivas-ias-academy.s3.amazonaws.com/sarees/crop_1770381596724.jpg
6985e13ae9001af64ec7a61d,Saree085,https://srinivas-ias-academy.s3.amazonaws.com/sarees/crop_1770381607409.jpg
6985e1d0e9001af64ec7a61e,Saree086,https://srinivas-ias-academy.s3.amazonaws.com/sarees/crop_1770381682116.jpg
6985e1d0e9001af64ec7a61e,Saree086,https://srinivas-ias-academy.s3.amazonaws.com/sarees/crop_1770381691044.jpg
6985e1d0e9001af64ec7a61e,Saree086,https://srinivas-ias-academy.s3.amazonaws.com/sarees/crop_1770381701556.jpg
6985e1d0e9001af64ec7a61e,Saree086,https://srinivas-ias-academy.s3.amazonaws.com/sarees/crop_1770381710298.jpg
6985e1d0e9001af64ec7a61e,Saree086,https://srinivas-ias-academy.s3.amazonaws.com/sarees/crop_1770381719029.jpg
6985e1d0e9001af64ec7a61e,Saree086,https://srinivas-ias-academy.s3.amazonaws.com/sarees/crop_1770381730574.jpg
6985e1d0e9001af64ec7a61e,Saree086,https://srinivas-ias-academy.s3.amazonaws.com/sarees/crop_1770381742390.jpg
6985e1d0e9001af64ec7a61e,Saree086,https://srinivas-ias-academy.s3.amazonaws.com/sarees/crop_1770381749379.jpg
6985e1d0e9001af64ec7a61e,Saree086,https://srinivas-ias-academy.s3.amazonaws.com/sarees/crop_1770381760889.jpg
6985e1d0e9001af64ec7a61e,Saree086,https://srinivas-ias-academy.s3.amazonaws.com/sarees/crop_1770381770568.jpg
6985e248e9001af64ec7a61f,Saree087,https://srinivas-ias-academy.s3.amazonaws.com/sarees/crop_1770381831253.jpg
6985e248e9001af64ec7a61f,Saree087,https://srinivas-ias-academy.s3.amazonaws.com/sarees/crop_1770381841099.jpg
6985e248e9001af64ec7a61f,Saree087,https://srinivas-ias-academy.s3.amazonaws.com/sarees/crop_1770381851848.jpg
6985e248e9001af64ec7a61f,Saree087,https://srinivas-ias-academy.s3.amazonaws.com/sarees/crop_1770381863915.jpg
6985e248e9001af64ec7a61f,Saree087,https://srinivas-ias-academy.s3.amazonaws.com/sarees/crop_1770381877374.jpg
6985e248e9001af64ec7a61f,Saree087,https://srinivas-ias-academy.s3.amazonaws.com/sarees/crop_1770381888594.jpg
6985e303e9001af64ec7a620,Saree088,https://srinivas-ias-academy.s3.amazonaws.com/sarees/crop_1770382005744.jpg
6985e303e9001af64ec7a620,Saree088,https://srinivas-ias-academy.s3.amazonaws.com/sarees/crop_1770382016559.jpg
6985e303e9001af64ec7a620,Saree088,https://srinivas-ias-academy.s3.amazonaws.com/sarees/crop_1770382037260.jpg
6985e303e9001af64ec7a620,Saree088,https://srinivas-ias-academy.s3.amazonaws.com/sarees/crop_1770382047325.jpg
6985e303e9001af64ec7a620,Saree088,https://srinivas-ias-academy.s3.amazonaws.com/sarees/crop_1770382058748.jpg
6985e303e9001af64ec7a620,Saree088,https://srinivas-ias-academy.s3.amazonaws.com/sarees/crop_1770382068862.jpg
6985e303e9001af64ec7a620,Saree088,https://srinivas-ias-academy.s3.amazonaws.com/sarees/crop_1770382077932.jpg
6985e380e9001af64ec7a621,Saree089,https://srinivas-ias-academy.s3.amazonaws.com/sarees/crop_1770382125924.jpg
6985e380e9001af64ec7a621,Saree089,https://srinivas-ias-academy.s3.amazonaws.com/sarees/crop_1770382138417.jpg
6985e380e9001af64ec7a621,Saree089,https://srinivas-ias-academy.s3.amazonaws.com/sarees/crop_1770382149342.jpg
6985e380e9001af64ec7a621,Saree089,https://srinivas-ias-academy.s3.amazonaws.com/sarees/crop_1770382162671.jpg
6985e380e9001af64ec7a621,Saree089,https://srinivas-ias-academy.s3.amazonaws.com/sarees/crop_1770382173290.jpg
6985e380e9001af64ec7a621,Saree089,https://srinivas-ias-academy.s3.amazonaws.com/sarees/crop_1770382182908.jpg
6985e380e9001af64ec7a621,Saree089,https://srinivas-ias-academy.s3.amazonaws.com/sarees/crop_1770382193981.jpg
6985e63be9001af64ec7a622,Saree090,https://srinivas-ias-academy.s3.amazonaws.com/sarees/crop_1770382776792.jpg
6985e63be9001af64ec7a622,Saree090,https://srinivas-ias-academy.s3.amazonaws.com/sarees/crop_1770382786539.jpg
6985e63be9001af64ec7a622,Saree090,https://srinivas-ias-academy.s3.amazonaws.com/sarees/crop_1770382798741.jpg
6985e63be9001af64ec7a622,Saree090,https://srinivas-ias-academy.s3.amazonaws.com/sarees/crop_1770382814172.jpg
6985e63be9001af64ec7a622,Saree090,https://srinivas-ias-academy.s3.amazonaws.com/sarees/crop_1770382826264.jpg
6985e63be9001af64ec7a622,Saree090,https://srinivas-ias-academy.s3.amazonaws.com/sarees/crop_1770382855050.jpg
6985e720e9001af64ec7a623,Saree091,https://srinivas-ias-academy.s3.amazonaws.com/sarees/crop_1770382979521.jpg
6985e720e9001af64ec7a623,Saree091,https://srinivas-ias-academy.s3.amazonaws.com/sarees/crop_1770382996099.jpg
6985e720e9001af64ec7a623,Saree091,https://srinivas-ias-academy.s3.amazonaws.com/sarees/crop_1770383022924.jpg
6985e720e9001af64ec7a623,Saree091,https://srinivas-ias-academy.s3.amazonaws.com/sarees/crop_1770383035698.jpg
6985e720e9001af64ec7a623,Saree091,https://srinivas-ias-academy.s3.amazonaws.com/sarees/crop_1770383056081.jpg
6985e7a3e9001af64ec7a624,Saree092,https://srinivas-ias-academy.s3.amazonaws.com/sarees/crop_1770383171739.jpg
6985e7a3e9001af64ec7a624,Saree092,https://srinivas-ias-academy.s3.amazonaws.com/sarees/crop_1770383197422.jpg
6985e7a3e9001af64ec7a624,Saree092,https://srinivas-ias-academy.s3.amazonaws.com/sarees/crop_1770383216657.jpg
6985e7a3e9001af64ec7a624,Saree092,https://srinivas-ias-academy.s3.amazonaws.com/sarees/crop_1770383230002.jpg
6985e848e9001af64ec7a625,Saree093,https://srinivas-ias-academy.s3.amazonaws.com/sarees/crop_1770383296932.jpg
6985e848e9001af64ec7a625,Saree093,https://srinivas-ias-academy.s3.amazonaws.com/sarees/crop_1770383303488.jpg
6985e848e9001af64ec7a625,Saree093,https://srinivas-ias-academy.s3.amazonaws.com/sarees/crop_1770383315266.jpg
6985e8d7e9001af64ec7a626,Saree094,https://srinivas-ias-academy.s3.amazonaws.com/sarees/crop_1770383450825.jpg
6985e8d7e9001af64ec7a626,Saree094,https://srinivas-ias-academy.s3.amazonaws.com/sarees/crop_1770383460494.jpg
6985e8d7e9001af64ec7a626,Saree094,https://srinivas-ias-academy.s3.amazonaws.com/sarees/crop_1770383481166.jpg
6985e8d7e9001af64ec7a626,Saree094,https://srinivas-ias-academy.s3.amazonaws.com/sarees/crop_1770383489688.jpg
6985e8d7e9001af64ec7a626,Saree094,https://srinivas-ias-academy.s3.amazonaws.com/sarees/crop_1770383498223.jpg
6985e966e9001af64ec7a627,Saree095,https://srinivas-ias-academy.s3.amazonaws.com/sarees/crop_1770383607262.jpg
6985e966e9001af64ec7a627,Saree095,https://srinivas-ias-academy.s3.amazonaws.com/sarees/crop_1770383623165.jpg
6985e966e9001af64ec7a627,Saree095,https://srinivas-ias-academy.s3.amazonaws.com/sarees/crop_1770383636545.jpg
6985e966e9001af64ec7a627,Saree095,https://srinivas-ias-academy.s3.amazonaws.com/sarees/crop_1770383645650.jpg
6986ed13e9001af64ec7a629,Saree096,https://srinivas-ias-academy.s3.amazonaws.com/sarees/crop_1770450019699.jpg
6986ed13e9001af64ec7a629,Saree096,https://srinivas-ias-academy.s3.amazonaws.com/sarees/crop_1770450050143.jpg
6986ed13e9001af64ec7a629,Saree096,https://srinivas-ias-academy.s3.amazonaws.com/sarees/crop_1770450089978.jpg
6986ed13e9001af64ec7a629,Saree096,https://srinivas-ias-academy.s3.amazonaws.com/sarees/crop_1770450115729.jpg
6986ed13e9001af64ec7a629,Saree096,https://srinivas-ias-academy.s3.amazonaws.com/sarees/crop_1770450141781.jpg
6986ed13e9001af64ec7a629,Saree096,https://srinivas-ias-academy.s3.amazonaws.com/sarees/crop_1770450160859.jpg
6986ed13e9001af64ec7a629,Saree096,https://srinivas-ias-academy.s3.amazonaws.com/sarees/crop_1770450168411.jpg
6986ed13e9001af64ec7a629,Saree096,https://srinivas-ias-academy.s3.amazonaws.com/sarees/crop_1770450187510.jpg
6986ed13e9001af64ec7a629,Saree096,https://srinivas-ias-academy.s3.amazonaws.com/sarees/crop_1770450253752.jpg
6986ee37e9001af64ec7a62a,Saree097,https://srinivas-ias-academy.s3.amazonaws.com/sarees/crop_1770450337065.jpg
6986ee37e9001af64ec7a62a,Saree097,https://srinivas-ias-academy.s3.amazonaws.com/sarees/crop_1770450360159.jpg
6986ee37e9001af64ec7a62a,Saree097,https://srinivas-ias-academy.s3.amazonaws.com/sarees/crop_1770450396726.jpg
6986ee37e9001af64ec7a62a,Saree097,https://srinivas-ias-academy.s3.amazonaws.com/sarees/crop_1770450439022.jpg
6986ee37e9001af64ec7a62a,Saree097,https://srinivas-ias-academy.s3.amazonaws.com/sarees/crop_1770450465489.jpg
6986ef8ce9001af64ec7a62b,Saree098,https://srinivas-ias-academy.s3.amazonaws.com/sarees/crop_1770450712877.jpg
6986ef8ce9001af64ec7a62b,Saree098,https://srinivas-ias-academy.s3.amazonaws.com/sarees/crop_1770450727433.jpg
6986ef8ce9001af64ec7a62b,Saree098,https://srinivas-ias-academy.s3.amazonaws.com/sarees/crop_1770450746920.jpg
6986ef8ce9001af64ec7a62b,Saree098,https://srinivas-ias-academy.s3.amazonaws.com/sarees/crop_1770450760589.jpg
6986ef8ce9001af64ec7a62b,Saree098,https://srinivas-ias-academy.s3.amazonaws.com/sarees/crop_1770450778123.jpg
6986ef8ce9001af64ec7a62b,Saree098,https://srinivas-ias-academy.s3.amazonaws.com/sarees/crop_1770450785100.jpg
6986ef8ce9001af64ec7a62b,Saree098,https://srinivas-ias-academy.s3.amazonaws.com/sarees/crop_1770450801988.jpg
6986ef8ce9001af64ec7a62b,Saree098,https://srinivas-ias-academy.s3.amazonaws.com/sarees/crop_1770450811789.jpg
6986ef8ce9001af64ec7a62b,Saree098,https://srinivas-ias-academy.s3.amazonaws.com/sarees/crop_1770450822783.jpg
6986f042e9001af64ec7a62c,Saree099,https://srinivas-ias-academy.s3.amazonaws.com/sarees/crop_1770450925414.jpg
6986f042e9001af64ec7a62c,Saree099,https://srinivas-ias-academy.s3.amazonaws.com/sarees/crop_1770450942794.jpg
6986f042e9001af64ec7a62c,Saree099,https://srinivas-ias-academy.s3.amazonaws.com/sarees/crop_1770450958051.jpg
6986f042e9001af64ec7a62c,Saree099,https://srinivas-ias-academy.s3.amazonaws.com/sarees/crop_1770450977477.jpg
6986f042e9001af64ec7a62c,Saree099,https://srinivas-ias-academy.s3.amazonaws.com/sarees/crop_1770450987845.jpg
6986f042e9001af64ec7a62c,Saree099,https://srinivas-ias-academy.s3.amazonaws.com/sarees/crop_1770451005236.jpg
6986f11be9001af64ec7a62d,Saree100,https://srinivas-ias-academy.s3.amazonaws.com/sarees/crop_1770451084000.jpg
6986f11be9001af64ec7a62d,Saree100,https://srinivas-ias-academy.s3.amazonaws.com/sarees/crop_1770451099869.jpg
6986f11be9001af64ec7a62d,Saree100,https://srinivas-ias-academy.s3.amazonaws.com/sarees/crop_1770451116069.jpg
6986f11be9001af64ec7a62d,Saree100,https://srinivas-ias-academy.s3.amazonaws.com/sarees/crop_1770451133079.jpg
6986f11be9001af64ec7a62d,Saree100,https://srinivas-ias-academy.s3.amazonaws.com/sarees/crop_1770451147903.jpg
6986f11be9001af64ec7a62d,Saree100,https://srinivas-ias-academy.s3.amazonaws.com/sarees/crop_1770451160292.jpg
6986f11be9001af64ec7a62d,Saree100,https://srinivas-ias-academy.s3.amazonaws.com/sarees/crop_1770451185880.jpg
6986f11be9001af64ec7a62d,Saree100,https://srinivas-ias-academy.s3.amazonaws.com/sarees/crop_1770451194057.jpg
6986f11be9001af64ec7a62d,Saree100,https://srinivas-ias-academy.s3.amazonaws.com/sarees/crop_1770451216491.jpg
